초기 이유식 호박당근미음,https://www.10000recipe.com/recipe/1469059
초기이유식1단계 단호박미음,https://www.10000recipe.com/recipe/6904136
초기이유식 단호박미음,https://www.10000recipe.com/recipe/6863594
초기이유식 - 단호박미음,https://www.10000recipe.com/recipe/6853249
[이유식2단계] 단호박양배추미음으로 시작하는 초기 이유식 2단계 ! ★,https://www.10000recipe.com/recipe/6924963
초기이유식 소고기 단호박미음,https://www.10000recipe.com/recipe/6884632
[초기이유식 2단계] 쇠고기단호박미음 만들기,https://www.10000recipe.com/recipe/6874172
[초기이유식] 소고기 단호박 청경채미음,https://www.10000recipe.com/recipe/6881529
"초기이유식, 시력향상에 도움을 주는 단호박미음",https://www.10000recipe.com/recipe/6834439
"이유식 시작, 초기 이유식 (4~6개월 아기)",https://www.10000recipe.com/recipe/6845124
[밥솥이유식] 초기이유식1-6 ♪ 소고기미음,https://www.10000recipe.com/recipe/6948289
아기 첫 이유식! 초기이유식 쌀미음 만들기,https://www.10000recipe.com/recipe/6980386
초기 이유식 - 두가지 이유식 한 번에 만들기,https://www.10000recipe.com/recipe/6854219
초기 이유식 쌀미음 만들기,https://www.10000recipe.com/recipe/6829084
초기이유식+고구마미음 만들기,https://www.10000recipe.com/recipe/6888505
초기이유식+애호박미음 만들기,https://www.10000recipe.com/recipe/6888823
초기이유식+청경채미음 만들기,https://www.10000recipe.com/recipe/6887896
[초기이유식 1단계] 감자미음 만들기,https://www.10000recipe.com/recipe/6874037
[초기이유식 1단계] 청경채미음 만들기★,https://www.10000recipe.com/recipe/6874164
초기 이유식 - 오이미음,https://www.10000recipe.com/recipe/6856286
초기 이유식 - 양배추 미음,https://www.10000recipe.com/recipe/6857540
쌀미음(초기이유식),https://www.10000recipe.com/recipe/6920335
초기이유식+양배추미음 만들기,https://www.10000recipe.com/recipe/6888215
브로콜리미음 만들기(초기이유식),https://www.10000recipe.com/recipe/6899317
초기이유식1단계 고구마미음,https://www.10000recipe.com/recipe/6905521
초기이유식1단계 청경채미음,https://www.10000recipe.com/recipe/6905973
초기이유식1단계 애호박미음,https://www.10000recipe.com/recipe/6903882
초기이유식 - 애호박미음,https://www.10000recipe.com/recipe/6852308
초기이유식 애호박 미음 만들기.,https://www.10000recipe.com/recipe/6959048
[밥솥이유식] 초기이유식1-3 ♪ 브로콜리미음,https://www.10000recipe.com/recipe/6948291
[밥솥이유식] 초기이유식1-4 ♪ 고구마미음,https://www.10000recipe.com/recipe/6948290
[밥솥이유식] 초기이유식1-2 ♪ 감자미음,https://www.10000recipe.com/recipe/6948293
초기 이유식으로 만들기 좋은 고구마 쌀 이유식,https://www.10000recipe.com/recipe/6838681
초기이유식 - 소고기미음,https://www.10000recipe.com/recipe/6852261
초기이유식 쌀미음,https://www.10000recipe.com/recipe/6846332
초기이유식 쌀미음,https://www.10000recipe.com/recipe/6833852
초기이유식-쌀미음,https://www.10000recipe.com/recipe/4688089
[초기이유식 1단계] 오이미음 만들기▥,https://www.10000recipe.com/recipe/6874165
[초기이유식 1단계] 사과미음 만들기▣,https://www.10000recipe.com/recipe/6874166
[초기]소고기감자이유식,https://www.10000recipe.com/recipe/6947697
