초기이유식 소고기미음 만들기.,https://www.10000recipe.com/recipe/6959393
초기이유식 - 소고기미음,https://www.10000recipe.com/recipe/6852261
[초기이유식] 소고기 미음,https://www.10000recipe.com/recipe/6829581
초기이유식 쇠고기청경채미음,https://www.10000recipe.com/recipe/6836624
[초기이유식] 소고기 브로콜리미음,https://www.10000recipe.com/recipe/6882079
초기이유식 - 소고기배미음,https://www.10000recipe.com/recipe/6858587
[초기이유식] 소고기 브로콜리 미음,https://www.10000recipe.com/recipe/6829679
초기이유식 - 소고기무미음,https://www.10000recipe.com/recipe/6861335
초기이유식 - 소고기브로콜리미음,https://www.10000recipe.com/recipe/6852344
초기이유식 소고기 단호박미음,https://www.10000recipe.com/recipe/6884632
[초기이유식] 소고기 단호박 청경채미음,https://www.10000recipe.com/recipe/6881529
감기에 좋은 초기 이유식 소고기배 미음,https://www.10000recipe.com/recipe/6547026
[초기이유식] 소고기미음과 사과즙을 한번에!,https://www.10000recipe.com/recipe/6882860
면역력에 좋은 초기이유식 < 소고기 브로콜리 미음 >,https://www.10000recipe.com/recipe/6870283
[밥솥이유식] 초기이유식1-6 ♪ 소고기미음,https://www.10000recipe.com/recipe/6948289
[초기]소고기청경채이유식,https://www.10000recipe.com/recipe/6947695
[초기]소고기감자이유식,https://www.10000recipe.com/recipe/6947697
[초기이유식] 양배추소고기미음,https://www.10000recipe.com/recipe/6829999
초기이유식2단계 : 소고기애호박미음,https://www.10000recipe.com/recipe/6961056
초기이유식2단계 : 소고기버섯미음 만들기,https://www.10000recipe.com/recipe/6961104
[초기이유식 2단계] 쇠고기미음 (소고기미음) 만들기♣,https://www.10000recipe.com/recipe/6874168
[초기이유식 2단계] 쇠고기미역미음 만들기,https://www.10000recipe.com/recipe/6874171
초기이유식2단계 쇠고기브로콜리미음,https://www.10000recipe.com/recipe/6906543
초기이유식2단계 : 소고기감자미음 만들기,https://www.10000recipe.com/recipe/6959642
초기이유식2단계 : 소고기당근미음 만들기,https://www.10000recipe.com/recipe/6961052
[밥솥이유식]초기이유식2-2♪ 소고기양배추미음,https://www.10000recipe.com/recipe/6948286
[밥솥이유식] 초기이유식2-1 ♪ 소고기당근미음,https://www.10000recipe.com/recipe/6948287
[초기이유식 2단계] 쇠고기애호박미음 만들기▽,https://www.10000recipe.com/recipe/6874169
초기이유식2단계 소고기무미음,https://www.10000recipe.com/recipe/6906877
초기이유식2단계 소고기사과미음,https://www.10000recipe.com/recipe/6907563
초기이유식2단계 : 소고기오이미음 만들기,https://www.10000recipe.com/recipe/6961055
[초기이유식 2단계] 쇠고기무미음 만들기◈,https://www.10000recipe.com/recipe/6874170
[초기이유식 2단계] 쇠고기강낭콩미음 만들기,https://www.10000recipe.com/recipe/6874173
초기이유식2단계 : 소고기케일미음 만들기,https://www.10000recipe.com/recipe/6961051
초기이유식2단계 : 소고기고구마미음 만들기,https://www.10000recipe.com/recipe/6961054
초기이유식2단계 : 소고기양배추미음 만들기,https://www.10000recipe.com/recipe/6961105
[초기이유식 2단계] 쇠고기단호박미음 만들기,https://www.10000recipe.com/recipe/6874172
초기 이유식 - 바나나소고기미음,https://www.10000recipe.com/recipe/6860159
초기이유식2단계 : 소고기적채미음 만들기,https://www.10000recipe.com/recipe/6961050
초기이유식2단계 소고기비타민미음,https://www.10000recipe.com/recipe/6907558
